CDA_AGREGADOS,ANO,SECRET_SUBPREF,PERCENTUAL_EFETIVOS,PERCENTUAL_LEGAL
"CDA-1, CDA-2, CDA-3",2022,CASA CIVIL,12.968379938628242,45
"CDA-1, CDA-2, CDA-3",2022,CONTROLADORIA GERAL DO MUNICIPIO,46.51979775188742,45
"CDA-1, CDA-2, CDA-3",2022,GABINETE DO PREFEITO,0.0,45
"CDA-1, CDA-2, CDA-3",2022,PROCURADORIA GERAL DO MUNICIPIO,59.36452196367854,45
"CDA-1, CDA-2, CDA-3",2022,SECRETARIA DO GOVERNO MUNICIPAL,3.978256910295745,45
"CDA-1, CDA-2, CDA-3",2022,SECRETARIA MUNICIPAL DA FAZENDA,59.87431129476584,45
"CDA-1, CDA-2, CDA-3",2022,SECRETARIA MUNICIPAL DA PESSOA COM DEFICIENCIA,11.087691044587595,45
"CDA-1, CDA-2, CDA-3",2022,SECRETARIA MUNICIPAL DA SAUDE,75.96523446027514,45
"CDA-1, CDA-2, CDA-3",2022,SECRETARIA MUNICIPAL DAS SUBPREFEITURAS,16.511795783038377,45
"CDA-1, CDA-2, CDA-3",2022,SECRETARIA MUNICIPAL DE ASSIST E DESENV SOCIAL,38.14553799228173,45
"CDA-1, CDA-2, CDA-3",2022,SECRETARIA MUNICIPAL DE CULTURA,29.21252222973351,45
"CDA-1, CDA-2, CDA-3",2022,SECRETARIA MUNICIPAL DE DESENVOLVIMENTO ECONOMICO,10.502954574746152,45
"CDA-1, CDA-2, CDA-3",2022,SECRETARIA MUNICIPAL DE DIREITOS HUMANOS E CIDADAN,3.3626627343349518,45
"CDA-1, CDA-2, CDA-3",2022,SECRETARIA MUNICIPAL DE EDUCACAO,26.557373499364804,45
"CDA-1, CDA-2, CDA-3",2022,SECRETARIA MUNICIPAL DE ESPORTES E LAZER,22.76526799355227,45
"CDA-1, CDA-2, CDA-3",2022,SECRETARIA MUNICIPAL DE GESTAO,36.30758541430525,45
"CDA-1, CDA-2, CDA-3",2022,SECRETARIA MUNICIPAL DE HABITACAO,44.01104350806694,45
"CDA-1, CDA-2, CDA-3",2022,SECRETARIA MUNICIPAL DE INFRAESTRUTURA URBANA E OB,18.02103855794244,45
"CDA-1, CDA-2, CDA-3",2022,SECRETARIA MUNICIPAL DE INOVACAO E TECNOLOGIA,9.485981270734912,45
"CDA-1, CDA-2, CDA-3",2022,SECRETARIA MUNICIPAL DE JUSTICA,0.0,45
"CDA-1, CDA-2, CDA-3",2022,SECRETARIA MUNICIPAL DE MOBILIDADE E TRANSITO,11.93956043956044,45
"CDA-1, CDA-2, CDA-3",2022,SECRETARIA MUNICIPAL DE RELACOES INTERNACIONAIS,0.0,45
"CDA-1, CDA-2, CDA-3",2022,SECRETARIA MUNICIPAL DE SEGURANCA URBANA,15.684041535709202,45
"CDA-1, CDA-2, CDA-3",2022,SECRETARIA MUNICIPAL DE TURISMO,5.98639455782313,45
"CDA-1, CDA-2, CDA-3",2022,SECRETARIA MUNICIPAL DE URBANISMO E LICENCIAMENTO,46.99722185301157,45
"CDA-1, CDA-2, CDA-3",2022,SECRETARIA MUNICIPAL DO VERDE E DO MEIO AMBIENTE,10.745446506873732,45
"CDA-1, CDA-2, CDA-3",2022,SUBPREFEITURA ARICANDUVA/FORMOSA/CARRAO,42.44791666666667,45
"CDA-1, CDA-2, CDA-3",2022,SUBPREFEITURA BUTANTA,27.864583333333336,45
"CDA-1, CDA-2, CDA-3",2022,SUBPREFEITURA CAMPO LIMPO,54.30112483865019,45
"CDA-1, CDA-2, CDA-3",2022,SUBPREFEITURA CAPELA DO SOCORRO,61.94581280788177,45
"CDA-1, CDA-2, CDA-3",2022,SUBPREFEITURA CASA VERDE/CACHOEIRINHA,25.91097308488613,45
"CDA-1, CDA-2, CDA-3",2022,SUBPREFEITURA CIDADE ADEMAR,49.373073163395745,45
"CDA-1, CDA-2, CDA-3",2022,SUBPREFEITURA CIDADE TIRADENTES,78.78571428571428,45
"CDA-1, CDA-2, CDA-3",2022,SUBPREFEITURA ERMELINO MATARAZZO,56.9327731092437,45
"CDA-1, CDA-2, CDA-3",2022,SUBPREFEITURA FREGUESIA DO O/BRASILANDIA,77.83350840336135,45
"CDA-1, CDA-2, CDA-3",2022,SUBPREFEITURA GUAIANASES,71.31674608993157,45
"CDA-1, CDA-2, CDA-3",2022,SUBPREFEITURA IPIRANGA,48.166561447811446,45
"CDA-1, CDA-2, CDA-3",2022,SUBPREFEITURA ITAIM PAULISTA,78.30882352941177,45
"CDA-1, CDA-2, CDA-3",2022,SUBPREFEITURA ITAQUERA,34.03702978056427,45
"CDA-1, CDA-2, CDA-3",2022,SUBPREFEITURA JABAQUARA,28.80952380952381,45
"CDA-1, CDA-2, CDA-3",2022,SUBPREFEITURA JACANA/TREMEMBE,73.9367816091954,45
"CDA-1, CDA-2, CDA-3",2022,SUBPREFEITURA LAPA,47.783251231527096,45
"CDA-1, CDA-2, CDA-3",2022,SUBPREFEITURA M'BOI MIRIM,56.17891929499072,45
"CDA-1, CDA-2, CDA-3",2022,SUBPREFEITURA MOOCA,55.88235294117647,45
"CDA-1, CDA-2, CDA-3",2022,SUBPREFEITURA PARELHEIROS,56.58422459893048,45
"CDA-1, CDA-2, CDA-3",2022,SUBPREFEITURA PENHA,65.49671592775042,45
"CDA-1, CDA-2, CDA-3",2022,SUBPREFEITURA PERUS/ANHANGUERA,74.73776223776224,45
"CDA-1, CDA-2, CDA-3",2022,SUBPREFEITURA PINHEIROS,49.21875,45
"CDA-1, CDA-2, CDA-3",2022,SUBPREFEITURA PIRITUBA/JARAGUA,73.03427419354838,45
"CDA-1, CDA-2, CDA-3",2022,SUBPREFEITURA SANTANA/TUCURUVI,71.31155881155881,45
"CDA-1, CDA-2, CDA-3",2022,SUBPREFEITURA SANTO AMARO,57.365591397849464,45
"CDA-1, CDA-2, CDA-3",2022,SUBPREFEITURA SAO MATEUS,62.45256166982922,45
"CDA-1, CDA-2, CDA-3",2022,SUBPREFEITURA SAO MIGUEL,56.093669139209936,45
"CDA-1, CDA-2, CDA-3",2022,SUBPREFEITURA SAPOPEMBA,53.096846846846844,45
"CDA-1, CDA-2, CDA-3",2022,SUBPREFEITURA SE,61.276794035414724,45
"CDA-1, CDA-2, CDA-3",2022,SUBPREFEITURA VILA MARIA/VILA GUILHERME,62.696728558797524,45
"CDA-1, CDA-2, CDA-3",2022,SUBPREFEITURA VILA MARIANA,45.75517075517075,45
"CDA-1, CDA-2, CDA-3",2022,SUBPREFEITURA VILA PRUDENTE,54.94031830238727,45
"CDA-1, CDA-2, CDA-3",2023,CASA CIVIL,10.72407486877453,45
"CDA-1, CDA-2, CDA-3",2023,CONTROLADORIA GERAL DO MUNICIPIO,45.872706887723574,45
"CDA-1, CDA-2, CDA-3",2023,GABINETE DO PREFEITO,0.0,45
"CDA-1, CDA-2, CDA-3",2023,PROCURADORIA GERAL DO MUNICIPIO,59.1696142451176,45
"CDA-1, CDA-2, CDA-3",2023,SECRETARIA DO GOVERNO MUNICIPAL,9.075105476067277,45
"CDA-1, CDA-2, CDA-3",2023,SECRETARIA MUNICIPAL DA FAZENDA,62.37363609355589,45
"CDA-1, CDA-2, CDA-3",2023,SECRETARIA MUNICIPAL DA PESSOA COM DEFICIENCIA,7.490824947721499,45
"CDA-1, CDA-2, CDA-3",2023,SECRETARIA MUNICIPAL DA SAUDE,74.5786416057,45
"CDA-1, CDA-2, CDA-3",2023,SECRETARIA MUNICIPAL DAS SUBPREFEITURAS,20.773020058381746,45
"CDA-1, CDA-2, CDA-3",2023,SECRETARIA MUNICIPAL DE ASSIST E DESENV SOCIAL,38.5809229143501,45
"CDA-1, CDA-2, CDA-3",2023,SECRETARIA MUNICIPAL DE CULTURA,29.45265347588416,45
"CDA-1, CDA-2, CDA-3",2023,SECRETARIA MUNICIPAL DE DESENVOLVIMENTO ECONOMICO,9.374509340018394,45
"CDA-1, CDA-2, CDA-3",2023,SECRETARIA MUNICIPAL DE DIREITOS HUMANOS E CIDADAN,3.6086975931456546,45
"CDA-1, CDA-2, CDA-3",2023,SECRETARIA MUNICIPAL DE EDUCACAO,28.50816972012079,45
"CDA-1, CDA-2, CDA-3",2023,SECRETARIA MUNICIPAL DE ESPORTES E LAZER,22.084540057920197,45
"CDA-1, CDA-2, CDA-3",2023,SECRETARIA MUNICIPAL DE GESTAO,34.444429840664874,45
"CDA-1, CDA-2, CDA-3",2023,SECRETARIA MUNICIPAL DE HABITACAO,43.931708170115705,45
"CDA-1, CDA-2, CDA-3",2023,SECRETARIA MUNICIPAL DE INFRAESTRUTURA URBANA E OB,16.145692012913376,45
"CDA-1, CDA-2, CDA-3",2023,SECRETARIA MUNICIPAL DE INOVACAO E TECNOLOGIA,4.856699362581717,45
"CDA-1, CDA-2, CDA-3",2023,SECRETARIA MUNICIPAL DE JUSTICA,3.205128205128205,45
"CDA-1, CDA-2, CDA-3",2023,SECRETARIA MUNICIPAL DE MOBILIDADE E TRANSITO,10.912698412698411,45
"CDA-1, CDA-2, CDA-3",2023,SECRETARIA MUNICIPAL DE RELACOES INTERNACIONAIS,2.8859321506380327,45
"CDA-1, CDA-2, CDA-3",2023,SECRETARIA MUNICIPAL DE SEGURANCA URBANA,15.152570286332512,45
"CDA-1, CDA-2, CDA-3",2023,SECRETARIA MUNICIPAL DE TURISMO,6.916971916971917,45
"CDA-1, CDA-2, CDA-3",2023,SECRETARIA MUNICIPAL DE URBANISMO E LICENCIAMENTO,46.21307350677401,45
"CDA-1, CDA-2, CDA-3",2023,SECRETARIA MUNICIPAL DO VERDE E DO MEIO AMBIENTE,10.55010830759247,45
"CDA-1, CDA-2, CDA-3",2023,SUBPREFEITURA ARICANDUVA/FORMOSA/CARRAO,48.6034742587162,45
"CDA-1, CDA-2, CDA-3",2023,SUBPREFEITURA BUTANTA,29.551462202671882,45
"CDA-1, CDA-2, CDA-3",2023,SUBPREFEITURA CAMPO LIMPO,56.372549019607845,45
"CDA-1, CDA-2, CDA-3",2023,SUBPREFEITURA CAPELA DO SOCORRO,63.541666666666664,45
"CDA-1, CDA-2, CDA-3",2023,SUBPREFEITURA CASA VERDE/CACHOEIRINHA,26.666666666666668,45
"CDA-1, CDA-2, CDA-3",2023,SUBPREFEITURA CASA VERDE/LIMAO/CACHOEIRINHA,27.139784946236563,45
"CDA-1, CDA-2, CDA-3",2023,SUBPREFEITURA CIDADE ADEMAR,42.74779040404041,45
"CDA-1, CDA-2, CDA-3",2023,SUBPREFEITURA CIDADE TIRADENTES,77.72328931572629,45
"CDA-1, CDA-2, CDA-3",2023,SUBPREFEITURA ERMELINO MATARAZZO,53.2282913165266,45
"CDA-1, CDA-2, CDA-3",2023,SUBPREFEITURA FREGUESIA DO O/BRASILANDIA,75.17857142857143,45
"CDA-1, CDA-2, CDA-3",2023,SUBPREFEITURA GUAIANASES,71.82765151515152,45
"CDA-1, CDA-2, CDA-3",2023,SUBPREFEITURA IPIRANGA,47.04396910279263,45
"CDA-1, CDA-2, CDA-3",2023,SUBPREFEITURA ITAIM PAULISTA,76.10665478312536,45
"CDA-1, CDA-2, CDA-3",2023,SUBPREFEITURA ITAQUERA,34.20138888888889,45
"CDA-1, CDA-2, CDA-3",2023,SUBPREFEITURA JABAQUARA,29.982396616330153,45
"CDA-1, CDA-2, CDA-3",2023,SUBPREFEITURA JACANA/TREMEMBE,75.0,45
"CDA-1, CDA-2, CDA-3",2023,SUBPREFEITURA LAPA,55.5986888490017,45
"CDA-1, CDA-2, CDA-3",2023,SUBPREFEITURA M'BOI MIRIM,50.41836734693877,45
"CDA-1, CDA-2, CDA-3",2023,SUBPREFEITURA MOOCA,56.6572367583397,45
"CDA-1, CDA-2, CDA-3",2023,SUBPREFEITURA PARELHEIROS,58.44428504312225,45
"CDA-1, CDA-2, CDA-3",2023,SUBPREFEITURA PENHA,67.26364832176846,45
"CDA-1, CDA-2, CDA-3",2023,SUBPREFEITURA PERUS/ANHANGUERA,73.1613005050505,45
"CDA-1, CDA-2, CDA-3",2023,SUBPREFEITURA PINHEIROS,44.48868727598566,45
"CDA-1, CDA-2, CDA-3",2023,SUBPREFEITURA PIRITUBA/JARAGUA,69.90088392395081,45
"CDA-1, CDA-2, CDA-3",2023,SUBPREFEITURA SANTANA/TUCURUVI,71.8213619075688,45
"CDA-1, CDA-2, CDA-3",2023,SUBPREFEITURA SANTO AMARO,50.674090038314176,45
"CDA-1, CDA-2, CDA-3",2023,SUBPREFEITURA SAO MATEUS,65.9407096171802,45
"CDA-1, CDA-2, CDA-3",2023,SUBPREFEITURA SAO MIGUEL,62.68892973856209,45
"CDA-1, CDA-2, CDA-3",2023,SUBPREFEITURA SAPOPEMBA,52.89947842579421,45
"CDA-1, CDA-2, CDA-3",2023,SUBPREFEITURA SE,58.854366699896616,45
"CDA-1, CDA-2, CDA-3",2023,SUBPREFEITURA VILA MARIA/VILA GUILHERME,50.14336917562724,45
"CDA-1, CDA-2, CDA-3",2023,SUBPREFEITURA VILA MARIANA,42.623716153127916,45
"CDA-1, CDA-2, CDA-3",2023,SUBPREFEITURA VILA PRUDENTE,52.439014027932274,45
"CDA-1, CDA-2, CDA-3",2024,CASA CIVIL,9.174029239197845,45
"CDA-1, CDA-2, CDA-3",2024,CONTROLADORIA GERAL DO MUNICIPIO,43.43618297581974,45
"CDA-1, CDA-2, CDA-3",2024,GABINETE DO PREFEITO,1.3720430107526882,45
"CDA-1, CDA-2, CDA-3",2024,PROCURADORIA GERAL DO MUNICIPIO,59.751235560282176,45
"CDA-1, CDA-2, CDA-3",2024,SECRETARIA DO GOVERNO MUNICIPAL,10.689905635365111,45
"CDA-1, CDA-2, CDA-3",2024,SECRETARIA MUNICIPAL DA FAZENDA,65.96421054297424,45
"CDA-1, CDA-2, CDA-3",2024,SECRETARIA MUNICIPAL DA PESSOA COM DEFICIENCIA,4.681323359484279,45
"CDA-1, CDA-2, CDA-3",2024,SECRETARIA MUNICIPAL DA SAUDE,74.05532797831808,45
"CDA-1, CDA-2, CDA-3",2024,SECRETARIA MUNICIPAL DAS SUBPREFEITURAS,25.324203573700373,45
"CDA-1, CDA-2, CDA-3",2024,SECRETARIA MUNICIPAL DE ASSIST E DESENV SOCIAL,39.252809197463854,45
"CDA-1, CDA-2, CDA-3",2024,SECRETARIA MUNICIPAL DE CULTURA,28.652581350400613,45
"CDA-1, CDA-2, CDA-3",2024,SECRETARIA MUNICIPAL DE DESENVOLVIMENTO ECONOMICO,6.595458485862184,45
"CDA-1, CDA-2, CDA-3",2024,SECRETARIA MUNICIPAL DE DIREITOS HUMANOS E CIDADAN,4.736339897957511,45
"CDA-1, CDA-2, CDA-3",2024,SECRETARIA MUNICIPAL DE EDUCACAO,30.02135567658657,45
"CDA-1, CDA-2, CDA-3",2024,SECRETARIA MUNICIPAL DE ESPORTES E LAZER,21.598987356688777,45
"CDA-1, CDA-2, CDA-3",2024,SECRETARIA MUNICIPAL DE GESTAO,31.116151298418245,45
"CDA-1, CDA-2, CDA-3",2024,SECRETARIA MUNICIPAL DE HABITACAO,45.45669040311551,45
"CDA-1, CDA-2, CDA-3",2024,SECRETARIA MUNICIPAL DE INFRAESTRUTURA URBANA E OB,15.652455992148255,45
"CDA-1, CDA-2, CDA-3",2024,SECRETARIA MUNICIPAL DE INOVACAO E TECNOLOGIA,2.307739979122803,45
"CDA-1, CDA-2, CDA-3",2024,SECRETARIA MUNICIPAL DE JUSTICA,3.505509445442705,45
"CDA-1, CDA-2, CDA-3",2024,SECRETARIA MUNICIPAL DE MOBILIDADE E TRANSITO,9.051724137931034,45
"CDA-1, CDA-2, CDA-3",2024,SECRETARIA MUNICIPAL DE RELACOES INTERNACIONAIS,4.940863558066905,45
"CDA-1, CDA-2, CDA-3",2024,SECRETARIA MUNICIPAL DE SEGURANCA URBANA,18.209622963805202,45
"CDA-1, CDA-2, CDA-3",2024,SECRETARIA MUNICIPAL DE TURISMO,4.184981684981685,45
"CDA-1, CDA-2, CDA-3",2024,SECRETARIA MUNICIPAL DE URBANISMO E LICENCIAMENTO,45.6709808828744,45
"CDA-1, CDA-2, CDA-3",2024,SECRETARIA MUNICIPAL DO VERDE E DO MEIO AMBIENTE,10.739911828281796,45
"CDA-1, CDA-2, CDA-3",2024,SUBPREFEITURA ARICANDUVA/FORMOSA/CARRAO,50.37064190289997,45
"CDA-1, CDA-2, CDA-3",2024,SUBPREFEITURA BUTANTA,27.226142473118276,45
"CDA-1, CDA-2, CDA-3",2024,SUBPREFEITURA CAMPO LIMPO,55.05368814192344,45
"CDA-1, CDA-2, CDA-3",2024,SUBPREFEITURA CAPELA DO SOCORRO,60.15020702520703,45
"CDA-1, CDA-2, CDA-3",2024,SUBPREFEITURA CASA VERDE/LIMAO/CACHOEIRINHA,29.763626251390434,45
"CDA-1, CDA-2, CDA-3",2024,SUBPREFEITURA CIDADE ADEMAR,41.592394533571,45
"CDA-1, CDA-2, CDA-3",2024,SUBPREFEITURA CIDADE TIRADENTES,75.98039215686275,45
"CDA-1, CDA-2, CDA-3",2024,SUBPREFEITURA ERMELINO MATARAZZO,53.0672268907563,45
"CDA-1, CDA-2, CDA-3",2024,SUBPREFEITURA FREGUESIA DO O/BRASILANDIA,72.62566137566137,45
"CDA-1, CDA-2, CDA-3",2024,SUBPREFEITURA GUAIANASES,69.1919191919192,45
"CDA-1, CDA-2, CDA-3",2024,SUBPREFEITURA IPIRANGA,43.382352941176464,45
"CDA-1, CDA-2, CDA-3",2024,SUBPREFEITURA ITAIM PAULISTA,81.77385812585054,45
"CDA-1, CDA-2, CDA-3",2024,SUBPREFEITURA ITAQUERA,43.061134522235086,45
"CDA-1, CDA-2, CDA-3",2024,SUBPREFEITURA JABAQUARA,36.063205585264406,45
"CDA-1, CDA-2, CDA-3",2024,SUBPREFEITURA JACANA/TREMEMBE,77.99227150537634,45
"CDA-1, CDA-2, CDA-3",2024,SUBPREFEITURA LAPA,58.217888703497714,45
"CDA-1, CDA-2, CDA-3",2024,SUBPREFEITURA M'BOI MIRIM,55.153486394557824,45
"CDA-1, CDA-2, CDA-3",2024,SUBPREFEITURA MOOCA,64.89142121495063,45
"CDA-1, CDA-2, CDA-3",2024,SUBPREFEITURA PARELHEIROS,58.18332890754528,45
"CDA-1, CDA-2, CDA-3",2024,SUBPREFEITURA PENHA,73.50080336175998,45
"CDA-1, CDA-2, CDA-3",2024,SUBPREFEITURA PERUS/ANHANGUERA,80.09683528836754,45
"CDA-1, CDA-2, CDA-3",2024,SUBPREFEITURA PINHEIROS,49.45340501792115,45
"CDA-1, CDA-2, CDA-3",2024,SUBPREFEITURA PIRITUBA/JARAGUA,64.37356760886172,45
"CDA-1, CDA-2, CDA-3",2024,SUBPREFEITURA SANTANA/TUCURUVI,71.0709569328521,45
"CDA-1, CDA-2, CDA-3",2024,SUBPREFEITURA SANTO AMARO,48.847598973607035,45
"CDA-1, CDA-2, CDA-3",2024,SUBPREFEITURA SAO MATEUS,58.3853238265003,45
"CDA-1, CDA-2, CDA-3",2024,SUBPREFEITURA SAO MIGUEL,60.62091503267974,45
"CDA-1, CDA-2, CDA-3",2024,SUBPREFEITURA SAPOPEMBA,60.61521605639253,45
"CDA-1, CDA-2, CDA-3",2024,SUBPREFEITURA SE,58.03752230700374,45
"CDA-1, CDA-2, CDA-3",2024,SUBPREFEITURA VILA MARIA/VILA GUILHERME,48.25268817204301,45
"CDA-1, CDA-2, CDA-3",2024,SUBPREFEITURA VILA MARIANA,40.12527233115468,45
"CDA-1, CDA-2, CDA-3",2024,SUBPREFEITURA VILA PRUDENTE,56.71202956989247,45
CDA-4,2022,CASA CIVIL,0.0,40
CDA-4,2022,CONTROLADORIA GERAL DO MUNICIPIO,53.27067669172933,40
CDA-4,2022,GABINETE DO PREFEITO,0.0,40
CDA-4,2022,PROCURADORIA GERAL DO MUNICIPIO,76.92307692307693,40
CDA-4,2022,SECRETARIA DO GOVERNO MUNICIPAL,16.02904319622586,40
CDA-4,2022,SECRETARIA MUNICIPAL DA FAZENDA,64.83091787439614,40
CDA-4,2022,SECRETARIA MUNICIPAL DA PESSOA COM DEFICIENCIA,0.0,40
CDA-4,2022,SECRETARIA MUNICIPAL DA SAUDE,77.73472867754049,40
CDA-4,2022,SECRETARIA MUNICIPAL DAS SUBPREFEITURAS,29.5377673401867,40
CDA-4,2022,SECRETARIA MUNICIPAL DE ASSIST E DESENV SOCIAL,25.300502055930394,40
CDA-4,2022,SECRETARIA MUNICIPAL DE CULTURA,21.72043010752688,40
CDA-4,2022,SECRETARIA MUNICIPAL DE DESENVOLVIMENTO ECONOMICO,22.777777777777775,40
CDA-4,2022,SECRETARIA MUNICIPAL DE DIREITOS HUMANOS E CIDADAN,10.067941317941319,40
CDA-4,2022,SECRETARIA MUNICIPAL DE EDUCACAO,92.74181785217031,40
CDA-4,2022,SECRETARIA MUNICIPAL DE ESPORTES E LAZER,23.630769230769232,40
CDA-4,2022,SECRETARIA MUNICIPAL DE GESTAO,32.06636361429731,40
CDA-4,2022,SECRETARIA MUNICIPAL DE HABITACAO,28.592270241429905,40
CDA-4,2022,SECRETARIA MUNICIPAL DE INFRAESTRUTURA URBANA E OB,37.76310524209684,40
CDA-4,2022,SECRETARIA MUNICIPAL DE INOVACAO E TECNOLOGIA,17.14975845410628,40
CDA-4,2022,SECRETARIA MUNICIPAL DE MOBILIDADE E TRANSITO,0.0,40
CDA-4,2022,SECRETARIA MUNICIPAL DE RELACOES INTERNACIONAIS,0.0,40
CDA-4,2022,SECRETARIA MUNICIPAL DE SEGURANCA URBANA,13.333333333333334,40
CDA-4,2022,SECRETARIA MUNICIPAL DE TURISMO,0.0,40
CDA-4,2022,SECRETARIA MUNICIPAL DE URBANISMO E LICENCIAMENTO,65.03030303030303,40
CDA-4,2022,SECRETARIA MUNICIPAL DO VERDE E DO MEIO AMBIENTE,16.385411872986655,40
CDA-4,2022,SUBPREFEITURA ARICANDUVA/FORMOSA/CARRAO,36.45833333333333,40
CDA-4,2022,SUBPREFEITURA BUTANTA,40.625,40
CDA-4,2022,SUBPREFEITURA CAMPO LIMPO,55.23809523809524,40
CDA-4,2022,SUBPREFEITURA CAPELA DO SOCORRO,32.291666666666664,40
CDA-4,2022,SUBPREFEITURA CASA VERDE/CACHOEIRINHA,22.32142857142857,40
CDA-4,2022,SUBPREFEITURA CIDADE ADEMAR,52.083333333333336,40
CDA-4,2022,SUBPREFEITURA CIDADE TIRADENTES,56.25,40
CDA-4,2022,SUBPREFEITURA ERMELINO MATARAZZO,31.770833333333332,40
CDA-4,2022,SUBPREFEITURA FREGUESIA DO O/BRASILANDIA,60.78431372549019,40
CDA-4,2022,SUBPREFEITURA GUAIANASES,24.107142857142858,40
CDA-4,2022,SUBPREFEITURA IPIRANGA,38.54166666666667,40
CDA-4,2022,SUBPREFEITURA ITAIM PAULISTA,46.666666666666664,40
CDA-4,2022,SUBPREFEITURA ITAQUERA,30.95238095238095,40
CDA-4,2022,SUBPREFEITURA JABAQUARA,37.202380952380956,40
CDA-4,2022,SUBPREFEITURA JACANA/TREMEMBE,35.8058608058608,40
CDA-4,2022,SUBPREFEITURA LAPA,46.603396603396604,40
CDA-4,2022,SUBPREFEITURA M'BOI MIRIM,60.238095238095234,40
CDA-4,2022,SUBPREFEITURA MOOCA,48.529411764705884,40
CDA-4,2022,SUBPREFEITURA PARELHEIROS,34.47802197802198,40
CDA-4,2022,SUBPREFEITURA PENHA,35.294117647058826,40
CDA-4,2022,SUBPREFEITURA PERUS/ANHANGUERA,47.1780303030303,40
CDA-4,2022,SUBPREFEITURA PINHEIROS,23.75,40
CDA-4,2022,SUBPREFEITURA PIRITUBA/JARAGUA,33.92857142857142,40
CDA-4,2022,SUBPREFEITURA SANTANA/TUCURUVI,46.666666666666664,40
CDA-4,2022,SUBPREFEITURA SANTO AMARO,38.36538461538461,40
CDA-4,2022,SUBPREFEITURA SAO MATEUS,45.080128205128204,40
CDA-4,2022,SUBPREFEITURA SAO MIGUEL,34.52380952380952,40
CDA-4,2022,SUBPREFEITURA SAPOPEMBA,43.80952380952381,40
CDA-4,2022,SUBPREFEITURA SE,64.58333333333333,40
CDA-4,2022,SUBPREFEITURA VILA MARIA/VILA GUILHERME,46.651785714285715,40
CDA-4,2022,SUBPREFEITURA VILA MARIANA,44.34389140271493,40
CDA-4,2022,SUBPREFEITURA VILA PRUDENTE,53.044871794871796,40
CDA-4,2023,CASA CIVIL,0.0,40
CDA-4,2023,CONTROLADORIA GERAL DO MUNICIPIO,53.14340198321892,40
CDA-4,2023,GABINETE DO PREFEITO,0.0,40
CDA-4,2023,PROCURADORIA GERAL DO MUNICIPIO,76.92307692307693,40
CDA-4,2023,SECRETARIA DO GOVERNO MUNICIPAL,14.673716983499594,40
CDA-4,2023,SECRETARIA MUNICIPAL DA FAZENDA,66.1535062309808,40
CDA-4,2023,SECRETARIA MUNICIPAL DA PESSOA COM DEFICIENCIA,13.095238095238095,40
CDA-4,2023,SECRETARIA MUNICIPAL DA SAUDE,77.10066922895122,40
CDA-4,2023,SECRETARIA MUNICIPAL DAS SUBPREFEITURAS,23.498388777518368,40
CDA-4,2023,SECRETARIA MUNICIPAL DE ASSIST E DESENV SOCIAL,17.768371084993337,40
CDA-4,2023,SECRETARIA MUNICIPAL DE CULTURA,22.68192693744164,40
CDA-4,2023,SECRETARIA MUNICIPAL DE DESENVOLVIMENTO ECONOMICO,24.953703703703706,40
CDA-4,2023,SECRETARIA MUNICIPAL DE DIREITOS HUMANOS E CIDADAN,5.0687386285212375,40
CDA-4,2023,SECRETARIA MUNICIPAL DE EDUCACAO,88.18631465929731,40
CDA-4,2023,SECRETARIA MUNICIPAL DE ESPORTES E LAZER,22.585568326947637,40
CDA-4,2023,SECRETARIA MUNICIPAL DE GESTAO,33.82227230514847,40
CDA-4,2023,SECRETARIA MUNICIPAL DE HABITACAO,35.48474945533769,40
CDA-4,2023,SECRETARIA MUNICIPAL DE INFRAESTRUTURA URBANA E OB,37.224264705882355,40
CDA-4,2023,SECRETARIA MUNICIPAL DE INOVACAO E TECNOLOGIA,8.550175669740886,40
CDA-4,2023,SECRETARIA MUNICIPAL DE MOBILIDADE E TRANSITO,0.0,40
CDA-4,2023,SECRETARIA MUNICIPAL DE RELACOES INTERNACIONAIS,0.0,40
CDA-4,2023,SECRETARIA MUNICIPAL DE SEGURANCA URBANA,13.368055555555555,40
CDA-4,2023,SECRETARIA MUNICIPAL DE TURISMO,0.0,40
CDA-4,2023,SECRETARIA MUNICIPAL DE URBANISMO E LICENCIAMENTO,59.31691937223616,40
CDA-4,2023,SECRETARIA MUNICIPAL DO VERDE E DO MEIO AMBIENTE,18.60772357723577,40
CDA-4,2023,SUBPREFEITURA ARICANDUVA/FORMOSA/CARRAO,37.38095238095238,40
CDA-4,2023,SUBPREFEITURA BUTANTA,37.56944444444444,40
CDA-4,2023,SUBPREFEITURA CAMPO LIMPO,53.055555555555564,40
CDA-4,2023,SUBPREFEITURA CAPELA DO SOCORRO,26.770833333333332,40
CDA-4,2023,SUBPREFEITURA CASA VERDE/CACHOEIRINHA,26.666666666666668,40
CDA-4,2023,SUBPREFEITURA CASA VERDE/LIMAO/CACHOEIRINHA,28.5,40
CDA-4,2023,SUBPREFEITURA CIDADE ADEMAR,50.0,40
CDA-4,2023,SUBPREFEITURA CIDADE TIRADENTES,56.00694444444445,40
CDA-4,2023,SUBPREFEITURA ERMELINO MATARAZZO,31.42361111111111,40
CDA-4,2023,SUBPREFEITURA FREGUESIA DO O/BRASILANDIA,58.82352941176472,40
CDA-4,2023,SUBPREFEITURA GUAIANASES,18.75,40
CDA-4,2023,SUBPREFEITURA IPIRANGA,38.92045454545455,40
CDA-4,2023,SUBPREFEITURA ITAIM PAULISTA,48.888888888888886,40
CDA-4,2023,SUBPREFEITURA ITAQUERA,26.825396825396826,40
CDA-4,2023,SUBPREFEITURA JABAQUARA,37.997557997558,40
CDA-4,2023,SUBPREFEITURA JACANA/TREMEMBE,36.175595238095234,40
CDA-4,2023,SUBPREFEITURA LAPA,50.0,40
CDA-4,2023,SUBPREFEITURA M'BOI MIRIM,59.8015873015873,40
CDA-4,2023,SUBPREFEITURA MOOCA,45.30963335626648,40
CDA-4,2023,SUBPREFEITURA PARELHEIROS,36.85897435897436,40
CDA-4,2023,SUBPREFEITURA PENHA,33.39460784313726,40
CDA-4,2023,SUBPREFEITURA PERUS/ANHANGUERA,42.87698412698413,40
CDA-4,2023,SUBPREFEITURA PINHEIROS,25.277777777777775,40
CDA-4,2023,SUBPREFEITURA PIRITUBA/JARAGUA,33.854166666666664,40
CDA-4,2023,SUBPREFEITURA SANTANA/TUCURUVI,42.07944832944833,40
CDA-4,2023,SUBPREFEITURA SANTO AMARO,33.83061383061383,40
CDA-4,2023,SUBPREFEITURA SAO MATEUS,43.75,40
CDA-4,2023,SUBPREFEITURA SAO MIGUEL,30.138888888888886,40
CDA-4,2023,SUBPREFEITURA SAPOPEMBA,43.46306471306471,40
CDA-4,2023,SUBPREFEITURA SE,58.510348583878,40
CDA-4,2023,SUBPREFEITURA VILA MARIA/VILA GUILHERME,42.604166666666664,40
CDA-4,2023,SUBPREFEITURA VILA MARIANA,44.60443899782135,40
CDA-4,2023,SUBPREFEITURA VILA PRUDENTE,46.12179487179487,40
CDA-4,2024,CASA CIVIL,3.4837092731829573,40
CDA-4,2024,CONTROLADORIA GERAL DO MUNICIPIO,53.833333333333336,40
CDA-4,2024,GABINETE DO PREFEITO,0.524789029535865,40
CDA-4,2024,PROCURADORIA GERAL DO MUNICIPIO,76.92307692307693,40
CDA-4,2024,SECRETARIA DO GOVERNO MUNICIPAL,5.7894315829098435,40
CDA-4,2024,SECRETARIA MUNICIPAL DA FAZENDA,75.03469010175763,40
CDA-4,2024,SECRETARIA MUNICIPAL DA PESSOA COM DEFICIENCIA,12.648809523809524,40
CDA-4,2024,SECRETARIA MUNICIPAL DA SAUDE,76.6403985850824,40
CDA-4,2024,SECRETARIA MUNICIPAL DAS SUBPREFEITURAS,17.497947454844006,40
CDA-4,2024,SECRETARIA MUNICIPAL DE ASSIST E DESENV SOCIAL,12.8739104924981,40
CDA-4,2024,SECRETARIA MUNICIPAL DE CULTURA,20.762527233115467,40
CDA-4,2024,SECRETARIA MUNICIPAL DE DESENVOLVIMENTO ECONOMICO,31.41414141414141,40
CDA-4,2024,SECRETARIA MUNICIPAL DE DIREITOS HUMANOS E CIDADAN,5.085609438870308,40
CDA-4,2024,SECRETARIA MUNICIPAL DE EDUCACAO,88.11516140932895,40
CDA-4,2024,SECRETARIA MUNICIPAL DE ESPORTES E LAZER,22.60065195896675,40
CDA-4,2024,SECRETARIA MUNICIPAL DE GESTAO,33.58498283183568,40
CDA-4,2024,SECRETARIA MUNICIPAL DE HABITACAO,35.848992374727665,40
CDA-4,2024,SECRETARIA MUNICIPAL DE INFRAESTRUTURA URBANA E OB,38.41911764705882,40
CDA-4,2024,SECRETARIA MUNICIPAL DE INOVACAO E TECNOLOGIA,7.883179622310056,40
CDA-4,2024,SECRETARIA MUNICIPAL DE JUSTICA,0.0,40
CDA-4,2024,SECRETARIA MUNICIPAL DE MOBILIDADE E TRANSITO,0.0,40
CDA-4,2024,SECRETARIA MUNICIPAL DE RELACOES INTERNACIONAIS,5.0,40
CDA-4,2024,SECRETARIA MUNICIPAL DE SEGURANCA URBANA,17.18584656084656,40
CDA-4,2024,SECRETARIA MUNICIPAL DE TURISMO,28.353174603174605,40
CDA-4,2024,SECRETARIA MUNICIPAL DE URBANISMO E LICENCIAMENTO,66.02890662796324,40
CDA-4,2024,SECRETARIA MUNICIPAL DO VERDE E DO MEIO AMBIENTE,19.445239897743107,40
CDA-4,2024,SUBPREFEITURA ARICANDUVA/FORMOSA/CARRAO,44.40972222222222,40
CDA-4,2024,SUBPREFEITURA BUTANTA,39.44444444444444,40
CDA-4,2024,SUBPREFEITURA CAMPO LIMPO,57.3015873015873,40
CDA-4,2024,SUBPREFEITURA CAPELA DO SOCORRO,26.825396825396826,40
CDA-4,2024,SUBPREFEITURA CASA VERDE/LIMAO/CACHOEIRINHA,24.895833333333332,40
CDA-4,2024,SUBPREFEITURA CIDADE ADEMAR,50.0,40
CDA-4,2024,SUBPREFEITURA CIDADE TIRADENTES,56.25,40
CDA-4,2024,SUBPREFEITURA ERMELINO MATARAZZO,30.48406862745098,40
CDA-4,2024,SUBPREFEITURA FREGUESIA DO O/BRASILANDIA,59.129901960784316,40
CDA-4,2024,SUBPREFEITURA GUAIANASES,23.958333333333332,40
CDA-4,2024,SUBPREFEITURA IPIRANGA,39.57521645021645,40
CDA-4,2024,SUBPREFEITURA ITAIM PAULISTA,44.270833333333336,40
CDA-4,2024,SUBPREFEITURA ITAQUERA,31.865079365079364,40
CDA-4,2024,SUBPREFEITURA JABAQUARA,33.33333333333333,40
CDA-4,2024,SUBPREFEITURA JACANA/TREMEMBE,31.597222222222218,40
CDA-4,2024,SUBPREFEITURA LAPA,48.348214285714285,40
CDA-4,2024,SUBPREFEITURA M'BOI MIRIM,49.166666666666664,40
CDA-4,2024,SUBPREFEITURA MOOCA,46.919253812636164,40
CDA-4,2024,SUBPREFEITURA PARELHEIROS,36.904761904761905,40
CDA-4,2024,SUBPREFEITURA PENHA,39.6139705882353,40
CDA-4,2024,SUBPREFEITURA PERUS/ANHANGUERA,33.888888888888886,40
CDA-4,2024,SUBPREFEITURA PINHEIROS,28.0952380952381,40
CDA-4,2024,SUBPREFEITURA PIRITUBA/JARAGUA,35.06944444444444,40
CDA-4,2024,SUBPREFEITURA SANTANA/TUCURUVI,43.39577497665733,40
CDA-4,2024,SUBPREFEITURA SANTO AMARO,31.825396825396822,40
CDA-4,2024,SUBPREFEITURA SAO MATEUS,44.945436507936506,40
CDA-4,2024,SUBPREFEITURA SAO MIGUEL,31.597222222222218,40
CDA-4,2024,SUBPREFEITURA SAPOPEMBA,37.62254901960784,40
CDA-4,2024,SUBPREFEITURA SE,56.13425925925926,40
CDA-4,2024,SUBPREFEITURA VILA MARIA/VILA GUILHERME,37.916666666666664,40
CDA-4,2024,SUBPREFEITURA VILA MARIANA,44.66230936819172,40
CDA-4,2024,SUBPREFEITURA VILA PRUDENTE,40.146520146520146,40
CDA-5,2022,CASA CIVIL,0.0,30
CDA-5,2022,CONTROLADORIA GERAL DO MUNICIPIO,25.0,30
CDA-5,2022,GABINETE DO PREFEITO,0.0,30
CDA-5,2022,SECRETARIA DO GOVERNO MUNICIPAL,0.0,30
CDA-5,2022,SECRETARIA MUNICIPAL DA FAZENDA,72.72727272727273,30
CDA-5,2022,SECRETARIA MUNICIPAL DA PESSOA COM DEFICIENCIA,20.833333333333332,30
CDA-5,2022,SECRETARIA MUNICIPAL DA SAUDE,74.6880570409982,30
CDA-5,2022,SECRETARIA MUNICIPAL DAS SUBPREFEITURAS,15.705128205128204,30
CDA-5,2022,SECRETARIA MUNICIPAL DE ASSIST E DESENV SOCIAL,15.5,30
CDA-5,2022,SECRETARIA MUNICIPAL DE CULTURA,32.291666666666664,30
CDA-5,2022,SECRETARIA MUNICIPAL DE DESENVOLVIMENTO ECONOMICO,33.33333333333333,30
CDA-5,2022,SECRETARIA MUNICIPAL DE DIREITOS HUMANOS E CIDADAN,5.0,30
CDA-5,2022,SECRETARIA MUNICIPAL DE EDUCACAO,78.53333333333333,30
CDA-5,2022,SECRETARIA MUNICIPAL DE ESPORTES E LAZER,31.428571428571423,30
CDA-5,2022,SECRETARIA MUNICIPAL DE GESTAO,60.85034013605442,30
CDA-5,2022,SECRETARIA MUNICIPAL DE HABITACAO,17.142857142857142,30
CDA-5,2022,SECRETARIA MUNICIPAL DE INFRAESTRUTURA URBANA E OB,58.57142857142857,30
CDA-5,2022,SECRETARIA MUNICIPAL DE INOVACAO E TECNOLOGIA,15.384615384615385,30
CDA-5,2022,SECRETARIA MUNICIPAL DE MOBILIDADE E TRANSITO,0.0,30
CDA-5,2022,SECRETARIA MUNICIPAL DE RELACOES INTERNACIONAIS,0.0,30
CDA-5,2022,SECRETARIA MUNICIPAL DE SEGURANCA URBANA,23.88888888888889,30
CDA-5,2022,SECRETARIA MUNICIPAL DE TURISMO,0.0,30
CDA-5,2022,SECRETARIA MUNICIPAL DE URBANISMO E LICENCIAMENTO,66.66666666666666,30
CDA-5,2022,SECRETARIA MUNICIPAL DO VERDE E DO MEIO AMBIENTE,16.666666666666664,30
CDA-5,2022,SUBPREFEITURA CAMPO LIMPO,0.0,30
CDA-5,2022,SUBPREFEITURA CIDADE ADEMAR,0.0,30
CDA-5,2022,SUBPREFEITURA ITAQUERA,0.0,30
CDA-5,2022,SUBPREFEITURA LAPA,0.0,30
CDA-5,2022,SUBPREFEITURA M'BOI MIRIM,0.0,30
CDA-5,2022,SUBPREFEITURA PARELHEIROS,0.0,30
CDA-5,2022,SUBPREFEITURA SANTO AMARO,0.0,30
CDA-5,2022,SUBPREFEITURA SE,0.0,30
CDA-5,2022,SUBPREFEITURA VILA PRUDENTE,0.0,30
CDA-5,2023,CASA CIVIL,0.0,30
CDA-5,2023,CONTROLADORIA GERAL DO MUNICIPIO,25.0,30
CDA-5,2023,GABINETE DO PREFEITO,0.0,30
CDA-5,2023,SECRETARIA DO GOVERNO MUNICIPAL,0.0,30
CDA-5,2023,SECRETARIA MUNICIPAL DA FAZENDA,65.42929292929293,30
CDA-5,2023,SECRETARIA MUNICIPAL DA PESSOA COM DEFICIENCIA,18.61111111111111,30
CDA-5,2023,SECRETARIA MUNICIPAL DA SAUDE,73.88184501562111,30
CDA-5,2023,SECRETARIA MUNICIPAL DAS SUBPREFEITURAS,24.67948717948718,30
CDA-5,2023,SECRETARIA MUNICIPAL DE ASSIST E DESENV SOCIAL,36.72123015873016,30
CDA-5,2023,SECRETARIA MUNICIPAL DE CULTURA,34.11356209150327,30
CDA-5,2023,SECRETARIA MUNICIPAL DE DESENVOLVIMENTO ECONOMICO,30.555555555555554,30
CDA-5,2023,SECRETARIA MUNICIPAL DE DIREITOS HUMANOS E CIDADAN,5.674603174603175,30
CDA-5,2023,SECRETARIA MUNICIPAL DE EDUCACAO,69.0236516357206,30
CDA-5,2023,SECRETARIA MUNICIPAL DE ESPORTES E LAZER,31.031746031746028,30
CDA-5,2023,SECRETARIA MUNICIPAL DE GESTAO,46.83792106586224,30
CDA-5,2023,SECRETARIA MUNICIPAL DE HABITACAO,20.0,30
CDA-5,2023,SECRETARIA MUNICIPAL DE INFRAESTRUTURA URBANA E OB,37.49999999999999,30
CDA-5,2023,SECRETARIA MUNICIPAL DE INOVACAO E TECNOLOGIA,2.913752913752914,30
CDA-5,2023,SECRETARIA MUNICIPAL DE MOBILIDADE E TRANSITO,0.0,30
CDA-5,2023,SECRETARIA MUNICIPAL DE RELACOES INTERNACIONAIS,0.0,30
CDA-5,2023,SECRETARIA MUNICIPAL DE SEGURANCA URBANA,31.977513227513228,30
CDA-5,2023,SECRETARIA MUNICIPAL DE TURISMO,0.0,30
CDA-5,2023,SECRETARIA MUNICIPAL DE URBANISMO E LICENCIAMENTO,48.095238095238095,30
CDA-5,2023,SECRETARIA MUNICIPAL DO VERDE E DO MEIO AMBIENTE,13.888888888888886,30
CDA-5,2023,SUBPREFEITURA CAMPO LIMPO,0.0,30
CDA-5,2023,SUBPREFEITURA CIDADE ADEMAR,0.0,30
CDA-5,2023,SUBPREFEITURA ITAQUERA,0.0,30
CDA-5,2023,SUBPREFEITURA LAPA,0.0,30
CDA-5,2023,SUBPREFEITURA M'BOI MIRIM,10.0,30
CDA-5,2023,SUBPREFEITURA PARELHEIROS,0.0,30
CDA-5,2023,SUBPREFEITURA SANTO AMARO,0.0,30
CDA-5,2023,SUBPREFEITURA SE,0.0,30
CDA-5,2023,SUBPREFEITURA VILA PRUDENTE,0.0,30
CDA-5,2024,CASA CIVIL,0.0,30
CDA-5,2024,CONTROLADORIA GERAL DO MUNICIPIO,26.388888888888886,30
CDA-5,2024,GABINETE DO PREFEITO,0.0,30
CDA-5,2024,SECRETARIA DO GOVERNO MUNICIPAL,0.0,30
CDA-5,2024,SECRETARIA MUNICIPAL DA FAZENDA,76.78571428571429,30
CDA-5,2024,SECRETARIA MUNICIPAL DA PESSOA COM DEFICIENCIA,16.666666666666664,30
CDA-5,2024,SECRETARIA MUNICIPAL DA SAUDE,77.01060354493704,30
CDA-5,2024,SECRETARIA MUNICIPAL DAS SUBPREFEITURAS,27.12121212121212,30
CDA-5,2024,SECRETARIA MUNICIPAL DE ASSIST E DESENV SOCIAL,47.673611111111114,30
CDA-5,2024,SECRETARIA MUNICIPAL DE CULTURA,37.916666666666664,30
CDA-5,2024,SECRETARIA MUNICIPAL DE DESENVOLVIMENTO ECONOMICO,21.666666666666668,30
CDA-5,2024,SECRETARIA MUNICIPAL DE DIREITOS HUMANOS E CIDADAN,6.613408521303257,30
CDA-5,2024,SECRETARIA MUNICIPAL DE EDUCACAO,60.46865715983363,30
CDA-5,2024,SECRETARIA MUNICIPAL DE ESPORTES E LAZER,37.172619047619044,30
CDA-5,2024,SECRETARIA MUNICIPAL DE GESTAO,32.40288757136583,30
CDA-5,2024,SECRETARIA MUNICIPAL DE HABITACAO,6.25,30
CDA-5,2024,SECRETARIA MUNICIPAL DE INFRAESTRUTURA URBANA E OB,33.33333333333333,30
CDA-5,2024,SECRETARIA MUNICIPAL DE INOVACAO E TECNOLOGIA,4.487179487179487,30
CDA-5,2024,SECRETARIA MUNICIPAL DE JUSTICA,0.0,30
CDA-5,2024,SECRETARIA MUNICIPAL DE MOBILIDADE E TRANSITO,0.0,30
CDA-5,2024,SECRETARIA MUNICIPAL DE RELACOES INTERNACIONAIS,0.0,30
CDA-5,2024,SECRETARIA MUNICIPAL DE SEGURANCA URBANA,41.51785714285714,30
CDA-5,2024,SECRETARIA MUNICIPAL DE TURISMO,0.0,30
CDA-5,2024,SECRETARIA MUNICIPAL DE URBANISMO E LICENCIAMENTO,34.166666666666664,30
CDA-5,2024,SECRETARIA MUNICIPAL DO VERDE E DO MEIO AMBIENTE,9.027777777777777,30
CDA-5,2024,SUBPREFEITURA CAMPO LIMPO,0.0,30
CDA-5,2024,SUBPREFEITURA CIDADE ADEMAR,0.0,30
CDA-5,2024,SUBPREFEITURA ITAQUERA,0.0,30
CDA-5,2024,SUBPREFEITURA LAPA,0.0,30
CDA-5,2024,SUBPREFEITURA M'BOI MIRIM,100.0,30
CDA-5,2024,SUBPREFEITURA PARELHEIROS,0.0,30
CDA-5,2024,SUBPREFEITURA SANTO AMARO,0.0,30
CDA-5,2024,SUBPREFEITURA SE,0.0,30
CDA-5,2024,SUBPREFEITURA VILA PRUDENTE,0.0,30
CDA-6,2022,CASA CIVIL,0.0,20
CDA-6,2022,CONTROLADORIA GERAL DO MUNICIPIO,40.0,20
CDA-6,2022,GABINETE DO PREFEITO,0.0,20
CDA-6,2022,SECRETARIA DO GOVERNO MUNICIPAL,18.515769944341372,20
CDA-6,2022,SECRETARIA MUNICIPAL DA FAZENDA,100.0,20
CDA-6,2022,SECRETARIA MUNICIPAL DA PESSOA COM DEFICIENCIA,0.0,20
CDA-6,2022,SECRETARIA MUNICIPAL DA SAUDE,73.68421052631577,20
CDA-6,2022,SECRETARIA MUNICIPAL DAS SUBPREFEITURAS,0.0,20
CDA-6,2022,SECRETARIA MUNICIPAL DE ASSIST E DESENV SOCIAL,16.0,20
CDA-6,2022,SECRETARIA MUNICIPAL DE CULTURA,0.0,20
CDA-6,2022,SECRETARIA MUNICIPAL DE DESENVOLVIMENTO ECONOMICO,33.33333333333333,20
CDA-6,2022,SECRETARIA MUNICIPAL DE DIREITOS HUMANOS E CIDADAN,22.222222222222218,20
CDA-6,2022,SECRETARIA MUNICIPAL DE EDUCACAO,0.0,20
CDA-6,2022,SECRETARIA MUNICIPAL DE GESTAO,55.714285714285715,20
CDA-6,2022,SECRETARIA MUNICIPAL DE HABITACAO,0.0,20
CDA-6,2022,SECRETARIA MUNICIPAL DE INOVACAO E TECNOLOGIA,28.57142857142857,20
CDA-6,2022,SECRETARIA MUNICIPAL DE RELACOES INTERNACIONAIS,0.0,20
CDA-6,2022,SECRETARIA MUNICIPAL DE SEGURANCA URBANA,14.285714285714283,20
CDA-6,2022,SECRETARIA MUNICIPAL DE TURISMO,0.0,20
CDA-6,2022,SECRETARIA MUNICIPAL DE URBANISMO E LICENCIAMENTO,77.51633986928104,20
CDA-6,2022,SUBPREFEITURA ARICANDUVA/FORMOSA/CARRAO,0.0,20
CDA-6,2022,SUBPREFEITURA BUTANTA,0.0,20
CDA-6,2022,SUBPREFEITURA CAMPO LIMPO,37.5,20
CDA-6,2022,SUBPREFEITURA CAPELA DO SOCORRO,0.0,20
CDA-6,2022,SUBPREFEITURA CASA VERDE/CACHOEIRINHA,33.33333333333333,20
CDA-6,2022,SUBPREFEITURA CIDADE ADEMAR,0.0,20
CDA-6,2022,SUBPREFEITURA CIDADE TIRADENTES,33.33333333333333,20
CDA-6,2022,SUBPREFEITURA ERMELINO MATARAZZO,0.0,20
CDA-6,2022,SUBPREFEITURA FREGUESIA DO O/BRASILANDIA,0.0,20
CDA-6,2022,SUBPREFEITURA GUAIANASES,0.0,20
CDA-6,2022,SUBPREFEITURA IPIRANGA,0.0,20
CDA-6,2022,SUBPREFEITURA ITAIM PAULISTA,0.0,20
CDA-6,2022,SUBPREFEITURA ITAQUERA,75.0,20
CDA-6,2022,SUBPREFEITURA JABAQUARA,0.0,20
CDA-6,2022,SUBPREFEITURA JACANA/TREMEMBE,33.33333333333333,20
CDA-6,2022,SUBPREFEITURA LAPA,0.0,20
CDA-6,2022,SUBPREFEITURA M'BOI MIRIM,66.66666666666666,20
CDA-6,2022,SUBPREFEITURA MOOCA,0.0,20
CDA-6,2022,SUBPREFEITURA PARELHEIROS,33.33333333333333,20
CDA-6,2022,SUBPREFEITURA PENHA,33.33333333333333,20
CDA-6,2022,SUBPREFEITURA PERUS/ANHANGUERA,33.33333333333333,20
CDA-6,2022,SUBPREFEITURA PINHEIROS,66.66666666666666,20
CDA-6,2022,SUBPREFEITURA PIRITUBA/JARAGUA,41.666666666666664,20
CDA-6,2022,SUBPREFEITURA SANTANA/TUCURUVI,100.0,20
CDA-6,2022,SUBPREFEITURA SANTO AMARO,0.0,20
CDA-6,2022,SUBPREFEITURA SAO MATEUS,33.33333333333333,20
CDA-6,2022,SUBPREFEITURA SAO MIGUEL,75.0,20
CDA-6,2022,SUBPREFEITURA SAPOPEMBA,66.66666666666666,20
CDA-6,2022,SUBPREFEITURA SE,0.0,20
CDA-6,2022,SUBPREFEITURA VILA MARIA/VILA GUILHERME,33.33333333333333,20
CDA-6,2022,SUBPREFEITURA VILA MARIANA,0.0,20
CDA-6,2022,SUBPREFEITURA VILA PRUDENTE,33.33333333333333,20
CDA-6,2023,CASA CIVIL,0.0,20
CDA-6,2023,CONTROLADORIA GERAL DO MUNICIPIO,39.166666666666664,20
CDA-6,2023,GABINETE DO PREFEITO,0.0,20
CDA-6,2023,SECRETARIA DO GOVERNO MUNICIPAL,21.28031475748194,20
CDA-6,2023,SECRETARIA MUNICIPAL DA FAZENDA,96.42857142857143,20
CDA-6,2023,SECRETARIA MUNICIPAL DA PESSOA COM DEFICIENCIA,0.0,20
CDA-6,2023,SECRETARIA MUNICIPAL DA SAUDE,71.65822164105917,20
CDA-6,2023,SECRETARIA MUNICIPAL DAS SUBPREFEITURAS,0.0,20
CDA-6,2023,SECRETARIA MUNICIPAL DE ASSIST E DESENV SOCIAL,26.666666666666668,20
CDA-6,2023,SECRETARIA MUNICIPAL DE CULTURA,2.7777777777777772,20
CDA-6,2023,SECRETARIA MUNICIPAL DE DESENVOLVIMENTO ECONOMICO,34.72222222222222,20
CDA-6,2023,SECRETARIA MUNICIPAL DE DIREITOS HUMANOS E CIDADAN,17.083333333333332,20
CDA-6,2023,SECRETARIA MUNICIPAL DE EDUCACAO,0.0,20
CDA-6,2023,SECRETARIA MUNICIPAL DE ESPORTES E LAZER,0.0,20
CDA-6,2023,SECRETARIA MUNICIPAL DE GESTAO,57.735690235690235,20
CDA-6,2023,SECRETARIA MUNICIPAL DE HABITACAO,0.0,20
CDA-6,2023,SECRETARIA MUNICIPAL DE INOVACAO E TECNOLOGIA,16.567460317460316,20
CDA-6,2023,SECRETARIA MUNICIPAL DE RELACOES INTERNACIONAIS,0.0,20
CDA-6,2023,SECRETARIA MUNICIPAL DE SEGURANCA URBANA,13.756613756613755,20
CDA-6,2023,SECRETARIA MUNICIPAL DE TURISMO,0.0,20
CDA-6,2023,SECRETARIA MUNICIPAL DE URBANISMO E LICENCIAMENTO,70.3194222931065,20
CDA-6,2023,SUBPREFEITURA ARICANDUVA/FORMOSA/CARRAO,24.999999999999996,20
CDA-6,2023,SUBPREFEITURA BUTANTA,0.0,20
CDA-6,2023,SUBPREFEITURA CAMPO LIMPO,27.77777777777777,20
CDA-6,2023,SUBPREFEITURA CAPELA DO SOCORRO,31.94444444444444,20
CDA-6,2023,SUBPREFEITURA CASA VERDE/CACHOEIRINHA,33.33333333333333,20
CDA-6,2023,SUBPREFEITURA CASA VERDE/LIMAO/CACHOEIRINHA,33.33333333333333,20
CDA-6,2023,SUBPREFEITURA CIDADE ADEMAR,0.0,20
CDA-6,2023,SUBPREFEITURA CIDADE TIRADENTES,61.11111111111111,20
CDA-6,2023,SUBPREFEITURA ERMELINO MATARAZZO,0.0,20
CDA-6,2023,SUBPREFEITURA FREGUESIA DO O/BRASILANDIA,0.0,20
CDA-6,2023,SUBPREFEITURA GUAIANASES,0.0,20
CDA-6,2023,SUBPREFEITURA IPIRANGA,0.0,20
CDA-6,2023,SUBPREFEITURA ITAIM PAULISTA,0.0,20
CDA-6,2023,SUBPREFEITURA ITAQUERA,63.888888888888886,20
CDA-6,2023,SUBPREFEITURA JABAQUARA,22.222222222222218,20
CDA-6,2023,SUBPREFEITURA JACANA/TREMEMBE,51.388888888888886,20
CDA-6,2023,SUBPREFEITURA LAPA,0.0,20
CDA-6,2023,SUBPREFEITURA M'BOI MIRIM,66.66666666666666,20
CDA-6,2023,SUBPREFEITURA MOOCA,8.333333333333332,20
CDA-6,2023,SUBPREFEITURA PARELHEIROS,33.33333333333333,20
CDA-6,2023,SUBPREFEITURA PENHA,37.49999999999999,20
CDA-6,2023,SUBPREFEITURA PERUS/ANHANGUERA,34.72222222222222,20
CDA-6,2023,SUBPREFEITURA PINHEIROS,72.22222222222221,20
CDA-6,2023,SUBPREFEITURA PIRITUBA/JARAGUA,43.05555555555555,20
CDA-6,2023,SUBPREFEITURA SANTANA/TUCURUVI,88.88888888888887,20
CDA-6,2023,SUBPREFEITURA SANTO AMARO,26.388888888888886,20
CDA-6,2023,SUBPREFEITURA SAO MATEUS,44.444444444444436,20
CDA-6,2023,SUBPREFEITURA SAO MIGUEL,77.77777777777777,20
CDA-6,2023,SUBPREFEITURA SAPOPEMBA,76.38888888888889,20
CDA-6,2023,SUBPREFEITURA SE,0.0,20
CDA-6,2023,SUBPREFEITURA VILA MARIA/VILA GUILHERME,33.33333333333333,20
CDA-6,2023,SUBPREFEITURA VILA MARIANA,0.0,20
CDA-6,2023,SUBPREFEITURA VILA PRUDENTE,34.72222222222222,20
CDA-6,2024,CASA CIVIL,0.0,20
CDA-6,2024,CONTROLADORIA GERAL DO MUNICIPIO,34.444444444444436,20
CDA-6,2024,GABINETE DO PREFEITO,7.643992676887414,20
CDA-6,2024,SECRETARIA DO GOVERNO MUNICIPAL,23.74204506363949,20
CDA-6,2024,SECRETARIA MUNICIPAL DA FAZENDA,85.71428571428571,20
CDA-6,2024,SECRETARIA MUNICIPAL DA PESSOA COM DEFICIENCIA,0.0,20
CDA-6,2024,SECRETARIA MUNICIPAL DA SAUDE,65.57971014492755,20
CDA-6,2024,SECRETARIA MUNICIPAL DAS SUBPREFEITURAS,0.0,20
CDA-6,2024,SECRETARIA MUNICIPAL DE ASSIST E DESENV SOCIAL,49.583333333333336,20
CDA-6,2024,SECRETARIA MUNICIPAL DE CULTURA,0.0,20
CDA-6,2024,SECRETARIA MUNICIPAL DE DESENVOLVIMENTO ECONOMICO,29.166666666666668,20
CDA-6,2024,SECRETARIA MUNICIPAL DE DIREITOS HUMANOS E CIDADAN,0.0,20
CDA-6,2024,SECRETARIA MUNICIPAL DE EDUCACAO,0.0,20
CDA-6,2024,SECRETARIA MUNICIPAL DE ESPORTES E LAZER,0.0,20
CDA-6,2024,SECRETARIA MUNICIPAL DE GESTAO,44.17735042735043,20
CDA-6,2024,SECRETARIA MUNICIPAL DE HABITACAO,0.0,20
CDA-6,2024,SECRETARIA MUNICIPAL DE INOVACAO E TECNOLOGIA,9.92063492063492,20
CDA-6,2024,SECRETARIA MUNICIPAL DE JUSTICA,0.0,20
CDA-6,2024,SECRETARIA MUNICIPAL DE RELACOES INTERNACIONAIS,0.0,20
CDA-6,2024,SECRETARIA MUNICIPAL DE SEGURANCA URBANA,10.427188552188552,20
CDA-6,2024,SECRETARIA MUNICIPAL DE TURISMO,0.0,20
CDA-6,2024,SECRETARIA MUNICIPAL DE URBANISMO E LICENCIAMENTO,65.27777777777777,20
CDA-6,2024,SUBPREFEITURA ARICANDUVA/FORMOSA/CARRAO,33.33333333333333,20
CDA-6,2024,SUBPREFEITURA BUTANTA,13.888888888888886,20
CDA-6,2024,SUBPREFEITURA CAMPO LIMPO,68.05555555555554,20
CDA-6,2024,SUBPREFEITURA CAPELA DO SOCORRO,33.33333333333333,20
CDA-6,2024,SUBPREFEITURA CASA VERDE/LIMAO/CACHOEIRINHA,33.33333333333333,20
CDA-6,2024,SUBPREFEITURA CIDADE ADEMAR,0.0,20
CDA-6,2024,SUBPREFEITURA CIDADE TIRADENTES,80.55555555555556,20
CDA-6,2024,SUBPREFEITURA ERMELINO MATARAZZO,0.0,20
CDA-6,2024,SUBPREFEITURA FREGUESIA DO O/BRASILANDIA,0.0,20
CDA-6,2024,SUBPREFEITURA GUAIANASES,0.0,20
CDA-6,2024,SUBPREFEITURA IPIRANGA,0.0,20
CDA-6,2024,SUBPREFEITURA ITAIM PAULISTA,0.0,20
CDA-6,2024,SUBPREFEITURA ITAQUERA,33.33333333333333,20
CDA-6,2024,SUBPREFEITURA JABAQUARA,33.33333333333333,20
CDA-6,2024,SUBPREFEITURA JACANA/TREMEMBE,66.66666666666666,20
CDA-6,2024,SUBPREFEITURA LAPA,8.333333333333334,20
CDA-6,2024,SUBPREFEITURA M'BOI MIRIM,91.66666666666667,20
CDA-6,2024,SUBPREFEITURA MOOCA,51.388888888888886,20
CDA-6,2024,SUBPREFEITURA PARELHEIROS,33.33333333333333,20
CDA-6,2024,SUBPREFEITURA PENHA,66.66666666666666,20
CDA-6,2024,SUBPREFEITURA PERUS/ANHANGUERA,33.33333333333333,20
CDA-6,2024,SUBPREFEITURA PINHEIROS,44.444444444444436,20
CDA-6,2024,SUBPREFEITURA PIRITUBA/JARAGUA,66.66666666666666,20
CDA-6,2024,SUBPREFEITURA SANTANA/TUCURUVI,23.61111111111111,20
CDA-6,2024,SUBPREFEITURA SANTO AMARO,0.0,20
CDA-6,2024,SUBPREFEITURA SAO MATEUS,83.33333333333333,20
CDA-6,2024,SUBPREFEITURA SAO MIGUEL,66.66666666666666,20
CDA-6,2024,SUBPREFEITURA SAPOPEMBA,63.88888888888888,20
CDA-6,2024,SUBPREFEITURA SE,0.0,20
CDA-6,2024,SUBPREFEITURA VILA MARIA/VILA GUILHERME,33.33333333333333,20
CDA-6,2024,SUBPREFEITURA VILA MARIANA,0.0,20
CDA-6,2024,SUBPREFEITURA VILA PRUDENTE,0.0,20
